Loaction,NJ,GA,TX,CA,WA
ABILENE,Error,Error,460,Error,Error
Abilene (TX),Error,Error,460,Error,Error
ACE - Carson (CA),Error,Error,1150,275,Error
ACE - Perris (CA),Error,Error,1200,300,Error
ADELANTO,Error,Error,Error,350,Error
Akron-Canton (OH),575,Error,Error,Error,Error
ALBANY,375,Error,Error,Error,Error
Albany (NY),375,Error,Error,Error,Error
ALBUQUERQUE ,Error,Error,675,Error,Error
Albuquerque (NM),Error,Error,675,Error,Error
ALTOONA ,500,Error,Error,Error,Error
Altoona (PA),500,Error,Error,Error,Error
AMARILLO ,Error,Error,525,Error,Error
Amarillo (TX),Error,Error,525,Error,Error
Anaheim (CA),Error,Error,1150,250,Error
ANDREWS,Error,Error,525,Error,Error
ANTELOPE ,Error,Error,1275,500,Error
APPLETON,825,Error,Error,Error,Error
Appleton (WI),825,Error,Error,Error,Error
Asheville (NC),Error,450,Error,Error,Error
Ashland,775,600,Error,Error,Error
Atlanta (GA),Error,400,Error,Error,Error
ATLANTA EAST ,Error,400,Error,Error,Error
Atlanta East (GA),Error,400,Error,Error,Error
ATLANTA NORTH,Error,425,Error,Error,Error
Atlanta North (GA),Error,400,Error,Error,Error
ATLANTA SOUTH ,Error,450,Error,Error,Error
Atlanta South (GA),Error,400,Error,Error,Error
ATLANTA WEST ,Error,400,Error,Error,Error
AUGUSTA,Error,350,Error,Error,Error
AUSTIN ,Error,Error,350,Error,Error
Austin (TX),Error,Error,350,Error,Error
Avenel New Jersey (NJ),250,Error,Error,Error,Error
BAKERSFIELD,Error,Error,Error,525,Error
BALTIMORE,400,Error,Error,Error,Error
Baltimore (MD),400,Error,Error,Error,Error
BALTIMORE EAST ,400,Error,Error,Error,Error
BATON ROUGE ,Error,Error,450,Error,Error
Baton Rouge (LA),Error,Error,450,Error,Error
BILLINGS ,Error,Error,Error,Error,800
Billings (MT),Error,Error,Error,Error,800
BIRMINGHAM ,Error,500,Error,Error,Error
Birmingham (AL),Error,475,Error,Error,Error
BOISE ,Error,Error,Error,850,Error
Boise (ID),Error,Error,Error,850,Error
Boston - Shirley (MA),450,Error,Error,Error,Error
Bowling Green (KY),700,700,Error,Error,Error
Bridgeport (PA),325,Error,Error,Error,Error
Buckhannon (WV),600,Error,Error,Error,Error
BUFFALO ,550,Error,Error,Error,Error
Buffalo (NY),550,Error,Error,Error,Error
Burlington (VT),550,Error,Error,Error,Error
CANDIA,475,Error,Error,Error,Error
CARTERET,300,Error,Error,Error,Error
CARTERSVILLE,Error,425,Error,Error,Error
CASPER ,Error,Error,Error,1050,Error
Casper (WY),Error,Error,Error,1050,Error
Central New Jersey (NJ),285,Error,Error,Error,Error
CHAMBERSBURG ,400,Error,Error,Error,Error
CHARLESTON ,600,Error,Error,Error,Error
Charleston (SC),Error,275,Error,Error,Error
Charlotte (NC),Error,400,Error,Error,Error
Chatham,460,Error,Error,Error,Error
Chattanooga (TN),Error,500,Error,Error,Error
CHICAGO NORTH ,650,Error,Error,Error,Error
CHICAGO SOUTH ,675,Error,Error,Error,Error
Chicago-North (IL),725,Error,Error,Error,Error
Chicago-South (IL),700,Error,Error,Error,Error
Chicago-West (IL),650,Error,Error,Error,Error
CHINA GROVE,Error,400,Error,Error,Error
CICERO,700,Error,Error,Error,Error
Cincinnati (OH),575,Error,Error,Error,Error
Cleveland (OH),550,Error,Error,Error,Error
CLEVELAND EAST ,550,Error,Error,Error,Error
CLEWISTON,Error,525,Error,Error,Error
COLORADO SPRINGS ,Error,Error,700,Error,Error
Columbia,Error,300,Error,Error,Error
COLUMBIA ,700,Error,Error,Error,Error
COLUMBIA ,Error,300,Error,Error,Error
COLUMBIA STATION,550,Error,Error,Error,Error
COLUMBUS,575,Error,Error,Error,Error
COLUMBUS ,550,Error,Error,Error,Error
Columbus (OH),575,Error,Error,Error,Error
CONCORD ,Error,400,Error,Error,Error
Concord (NC),Error,400,Error,Error,Error
COPART JOBSTOWN SUBLOT,375,Error,Error,Error,Error
copart SUBLOT ,350,Error,Error,Error,Error
Corpus Christi (TX),Error,Error,350,Error,Error
CRASHEDTOYS DALLAS ,Error,Error,350,Error,Error
CRASHEDTOYS MINNEAPOLIS,800,Error,Error,Error,Error
CROWLEY,Error,Error,375,Error,Error
Culpeper (VA),400,Error,Error,Error,Error
Dallas,Error,Error,350,Error,Error
DALLAS ,Error,Error,350,Error,Error
Dallas (TX),Error,Error,350,Error,Error
DALLAS SOUTH ,Error,Error,350,Error,Error
Dallas/Ft Worth (TX),Error,Error,350,Error,Error
DAVENPORT ,750,Error,Error,Error,Error
Davenport (IA),750,Error,Error,Error,Error
DAYTON ,550,Error,Error,Error,Error
Dayton (OH),550,Error,Error,Error,Error
DEFUNIAK SPRINGS,Error,450,Error,Error,Error
Denver,Error,Error,700,Error,Error
DENVER ,Error,Error,700,Error,Error
DENVER CENTRAL ,Error,Error,700,Error,Error
Denver East (CO),Error,Error,700,Error,Error
DENVER SOUTH ,Error,Error,700,Error,Error
DES MOINES ,750,Error,Error,Error,Error
Des Moines (IA),750,Error,Error,Error,Error
DETROIT,650,Error,Error,Error,Error
DETROIT ,650,Error,Error,Error,Error
Detroit (MI),700,Error,Error,Error,Error
DOSWELL,430,Error,Error,Error,Error
DOTHAN,Error,450,Error,Error,Error
Dothan (AL),Error,450,Error,Error,Error
Dundalk (MD),400,Error,Error,Error,Error
DYER,700,Error,Error,Error,Error
Earlington,725,Error,Error,Error,Error
East Bay (CA),Error,Error,1275,525,Error
EAST GRANBY,375,Error,Error,Error,Error
EL PASO ,Error,Error,560,Error,Error
El Paso (TX),Error,Error,575,Error,Error
Elkton,400,Error,Error,Error,Error
Englishtown,285,Error,Error,Error,Error
Erie (PA),600,Error,Error,Error,Error
EUGENE ,Error,Error,Error,825,450
Eugene (OR),Error,Error,Error,800,450
EXETER ,400,Error,Error,Error,Error
Fargo (ND),1225,Error,Error,Error,Error
FARIBAULT,825,Error,Error,Error,Error
Fayetteville,Error,Error,525,Error,Error
Fayetteville (AR),Error,Error,525,Error,Error
FLINT ,735,Error,Error,Error,Error
Flint (MI),735,Error,Error,Error,Error
Fontana (CA),Error,Error,1150,300,Error
Fort Myers offsite,Error,450,Error,Error,Error
Fort Pierce (FL),Error,425,Error,Error,Error
FORT WAYNE ,675,Error,Error,Error,Error
Fort Worth North (TX),Error,Error,375,Error,Error
FREDERICKSBURG ,425,Error,Error,Error,Error
FREETOWN,450,Error,Error,Error,Error
Fremont (CA),Error,Error,1275,475,Error
FRESNO ,Error,Error,1275,400,Error
Fresno (CA),Error,Error,1275,425,Error
FT. PIERCE ,Error,500,Error,Error,Error
FT. WORTH ,Error,Error,350,Error,Error
Gastonia,Error,425,Error,Error,Error
GLASSBORO EAST ,285,Error,Error,Error,Error
GLASSBORO WEST ,285,Error,Error,Error,Error
GRAHAM,Error,Error,Error,875,275
Grand Rapids (MI),750,Error,Error,Error,Error
Granite City,725,Error,Error,Error,Error
Greensboro (NC),Error,425,Error,Error,Error
Greenville (SC),Error,350,Error,Error,Error
Grenada (MS),Error,550,Error,Error,Error
Gulf Coast (MS),Error,525,Error,Error,Error
HAMMOND ,700,Error,Error,Error,Error
HAMPTON ,450,Error,Error,Error,Error
HARRISBURG ,400,Error,Error,Error,Error
HARTFORD ,350,Error,Error,Error,Error
Hartford (CT),375,Error,Error,Error,Error
Hartford-South (CT),350,Error,Error,Error,Error
HAYWARD,Error,Error,1275,550,Error
HELENA ,Error,Error,Error,Error,875
High Desert (CA),Error,Error,Error,325,Error
High Point,Error,450,Error,Error,Error
Houston (TX),Error,Error,250,Error,Error
HOUSTON EAST ,Error,Error,250,Error,Error
Houston South (TX),Error,Error,250,Error,Error
Huntsville (AL),Error,475,Error,Error,Error
INDIANAPOLIS ,725,Error,Error,Error,Error
Indianapolis (IN),675,Error,Error,Error,Error
IONIA ,750,Error,Error,Error,Error
JACKSON,Error,550,Error,Error,Error
Jackson (MS),Error,525,Error,Error,Error
Jacksonville (FL),Error,325,Error,Error,Error
JACKSONVILLE EAST ,Error,325,Error,Error,Error
JACKSONVILLE NORTH ,Error,325,Error,Error,Error
JACKSONVILLE WEST ,Error,325,Error,Error,Error
JURUPA VALLEY,Error,Error,1150,300,Error
Kansas City,700,Error,700,Error,Error
Kansas City (KS),700,Error,650,Error,Error
Kansas City East (MO),650,Error,Error,Error,Error
Kincheloe,Error,Error,Error,Error,Error
KNOXVILLE ,Error,475,Error,Error,Error
Knoxville (TN),Error,500,Error,Error,Error
Lafayette (LA),Error,Error,400,Error,Error
LANSING ,700,Error,Error,Error,Error
LAS VEGAS ,Error,Error,Error,400,Error
LAS VEGAS ,Error,Error,Error,450,Error
Las Vegas (NV),Error,Error,Error,400,Error
Laurel,400,Error,Error,Error,Error
LAWRENCEBURG,650,600,Error,Error,Error
LEROY,500,Error,Error,Error,Error
Lexington (SC),Error,325,Error,Error,Error
LEXINGTON WEST,650,600,Error,Error,Error
LINCOLN,725,Error,750,Error,Error
Lincoln,725,Error,Error,Error,Error
Little Rock (AR),Error,Error,525,Error,Error
Livingston,Error,Error,450,Error,Error
LONG BEACH,Error,Error,1150,360,Error
LONG ISLAND,350,Error,Error,Error,Error
Long Island (NY),350,Error,Error,Error,Error
LONGVIEW ,Error,Error,350,Error,Error
Longview (TX),Error,Error,350,Error,Error
LOS ANGELES ,Error,Error,1150,275,Error
Los Angeles (CA),Error,Error,1150,250,Error
Los Angeles (CA),Error,Error,1150,250,Error
Los Angeles South (CA),Error,Error,1150,265,Error
LOUISVILLE ,700,650,Error,Error,Error
Louisville North (KY),675,Error,Error,Error,Error
Lubbock (TX),Error,Error,525,Error,Error
LUMBERTON ,Error,400,Error,Error,Error
LYMAN,550,Error,Error,Error,Error
MACON ,Error,375,Error,Error,Error
Macon (GA),Error,400,Error,Error,Error
MADISON ,750,Error,Error,Error,Error
Manchester (NH),475,Error,Error,Error,Error
MARTINEZ,Error,Error,1275,525,Error
MCALLEN,Error,Error,450,Error,Error
Mccarran,Error,Error,Error,550,Error
MEBANE,Error,400,Error,Error,Error
MEMPHIS ,Error,550,Error,Error,Error
Memphis (TN),Error,550,Error,Error,Error
Mentone,Error,Error,1150,300,Error
Metro DC (MD),400,Error,Error,Error,Error
MIAMI CENTRAL ,Error,450,Error,Error,Error
MIAMI NORTH,Error,450,Error,Error,Error
MIAMI Opa Locka,Error,475,Error,Error,Error
MIAMI SOUTH,Error,450,Error,Error,Error
Miami-North (FL),Error,450,Error,Error,Error
MILWAUKEE ,700,Error,Error,Error,Error
Milwaukee (WI),750,Error,Error,Error,Error
MILWAUKEE SOUTH,750,Error,Error,Error,Error
MINNEAPOLIS NORTH,775,Error,Error,Error,Error
Minneapolis/St. Paul (MN),725,Error,Error,Error,Error
Missoula (MT),Error,Error,Error,Error,700
MOBILE ,Error,475,Error,Error,Error
MOCKSVILLE ,Error,425,Error,Error,Error
MONTGOMERY ,Error,475,Error,Error,Error
NAPA,Error,Error,Error,575,Error
NASHVILLE ,Error,500,Error,Error,Error
Nashville (TN),Error,500,Error,Error,Error
New Castle (DE),375,Error,Error,Error,Error
NEW ORLEANS ,Error,Error,450,Error,Error
New Orleans (LA),Error,Error,450,Error,Error
NEWBURGH,325,Error,Error,Error,Error
NEWBURGH,350,Error,Error,Error,Error
Newburgh (NY),300,Error,Error,Error,Error
NORTH BOSTON ,450,Error,Error,Error,Error
NORTH CHARLESTON,Error,300,Error,Error,Error
North Hollywood (CA),Error,Error,1150,275,Error
NORTH SEATTLE,Error,Error,Error,875,300
Northern Virginia (VA),400,Error,Error,Error,Error
OCALA ,Error,425,Error,Error,Error
OGDEN ,Error,Error,1125,525,Error
OKLAHOMA CITY ,Error,Error,525,Error,Error
Oklahoma City (OK),Error,Error,525,Error,Error
Omaha,850,Error,775,Error,Error
Omaha (NE),850,Error,775,Error,Error
Orlando (FL),Error,400,Error,Error,Error
ORLANDO NORTH ,Error,425,Error,Error,Error
ORLANDO SOUTH ,Error,400,Error,Error,Error
Orlando-North (FL),Error,425,Error,Error,Error
Paducah (KY),700,Error,Error,Error,Error
PASCO ,Error,Error,Error,Error,450
Pensacola (FL),Error,450,Error,Error,Error
PEORIA ,675,Error,Error,Error,Error
Permian Basin (TX),Error,Error,460,Error,Error
PHILADELPHIA,325,Error,Error,Error,Error
PHILADELPHIA ,325,Error,Error,Error,Error
Philadelphia (PA),325,Error,Error,Error,Error
PHILADELPHIA EAST ,325,Error,Error,Error,Error
PHOENIX ,Error,Error,775,425,Error
Phoenix (AZ),Error,Error,775,425,Error
Pittsburgh (PA),500,Error,Error,Error,Error
PITTSBURGH NORTH,500,Error,Error,Error,Error
PITTSBURGH SOUTH ,525,Error,Error,Error,Error
PITTSBURGH WEST,525,Error,Error,Error,Error
Pittsburgh-North (PA),500,Error,Error,Error,Error
Port Murray,325,Error,Error,Error,Error
Portage (WI),750,Error,Error,Error,Error
Portland - Gorham (ME),550,Error,Error,Error,Error
Portland (OR),Error,Error,Error,850,350
PORTLAND NORTH ,Error,Error,Error,875,350
PORTLAND SOUTH ,Error,Error,Error,875,350
Providence,400,Error,Error,Error,Error
Pulaski (VA),500,Error,Error,Error,Error
PUNTA GORDA ,Error,450,Error,Error,Error
PUNTA GORDA SOUTH,Error,450,Error,Error,Error
RALEIGH ,Error,400,Error,Error,Error
Raleigh (NC),Error,400,Error,Error,Error
RANCHO CUCAMONGA,Error,Error,1150,275,Error
REDDING ,Error,Error,Error,600,Error
RENO ,Error,Error,Error,600,Error
RICHMOND ,440,Error,Error,Error,Error
Richmond (VA),390,Error,Error,Error,Error
RICHMOND EAST ,475,Error,Error,Error,Error
Roanoke (VA),550,Error,Error,Error,Error
Rochester (NY),525,Error,Error,Error,Error
SACRAMENTO ,Error,Error,1275,525,Error
Sacramento (CA),Error,Error,1175,475,Error
SALT LAKE CITY ,Error,Error,1175,575,Error
Salt Lake City (UT),Error,Error,1125,525,Error
SALT LAKE CITY NORTH ,Error,Error,1175,575,Error
SAN ANTONIO ,Error,Error,350,Error,Error
San Antonio-South (TX),Error,Error,350,Error,Error
SAN BERNARDINO ,Error,Error,1150,275,Error
SAN DIEGO ,Error,Error,1150,325,Error
San Diego (CA),Error,Error,1150,325,Error
SAN JOSE,Error,Error,Error,525,Error
SAVANNAH,Error,240,Error,Error,Error
Sayreville (NJ),275,Error,Error,Error,Error
SCRANTON ,375,Error,Error,Error,Error
Scranton (PA),375,Error,Error,Error,Error
SEAFORD,400,Error,Error,Error,Error
Seattle (WA),Error,Error,Error,875,275
Shady Spring (WV),600,Error,Error,Error,Error
SHREVEPORT ,Error,Error,400,Error,Error
Shreveport (LA),Error,Error,400,Error,Error
Sioux Falls,1075,Error,Error,Error,Error
Sioux Falls (SD),1075,Error,Error,Error,Error
SO SACRAMENTO ,Error,Error,1275,525,Error
SOMERVILLE,285,Error,Error,Error,Error
South Bend (IN),675,Error,Error,Error,Error
SOUTH BOSTON ,450,Error,Error,Error,Error
SOUTHERN ILLINOIS ,700,Error,Error,Error,Error
Southern New Jersey (NJ),315,Error,Error,Error,Error
SPARTANBURG ,Error,375,Error,Error,Error
SPOKANE,Error,Error,Error,Error,450
Spokane (WA),Error,Error,Error,Error,450
SPRINGFIELD,700,Error,Error,Error,Error
SPRINGFIELD ,775,Error,Error,Error,Error
Springfield (MO),675,Error,Error,Error,Error
ST. CLOUD,825,Error,Error,Error,Error
ST. LOUIS,650,Error,Error,Error,Error
St. Louis (IL),675,Error,Error,Error,Error
MORGANVILLE (SOMERVILLE),300,Error,Error,Error,Error
FRUITLAND (SEAFORD) ,450,Error,Error,Error,Error
Birmingham,Error,550,Error,Error,Error
THEODORE,Error,600,Error,Error,Error
HUDSON,450,Error,Error,Error,Error
White Marsh,450,Error,Error,Error,Error
CONWAY,Error,Error,525,Error,Error
Lancaster,Error,Error,Error,325,Error
SAN JOSE,Error,Error,Error,525,Error
SANTA PAULA,Error,Error,1150,310,Error
SAN DIEGO,Error,Error,1150,350,Error
PERRIS,Error,Error,1200,325,Error
OKEECHOBEE ,Error,500,Error,Error,Error
THONOTOSASSA,Error,425,Error,Error,Error
DOVER,Error,500,Error,Error,Error
Hartford City,900,Error,Error,Error,Error
GREENVILLE,675,Error,Error,Error,Error
SCARBOROUGH,550,Error,Error,Error,Error
GRAY,600,Error,Error,Error,Error
FRIDLEY,800,Error,Error,Error,Error
NEWBURGH,350,Error,Error,Error,Error
FLOWER MOUND,Error,Error,350,Error,Error
FAIR HAVEN,575,Error,Error,Error,Error
ORLEANS,560,Error,Error,Error,Error
MILWAUKEE ,710,Error,Error,Error,Error
DETROIT,750,Error,Error,Error,Error
MEDFORD,350,Error,Error,Error,Error
CALVERTON,400,Error,Error,Error,Error
Oklahoma City,Error,Error,550,Error,Error
CHICAGO SOUTH,750,Error,Error,Error,Error
Suffolk (VA),475,Error,Error,Error,Error
SUN VALLEY ,Error,Error,1150,275,Error
SYRACUSE ,450,Error,Error,Error,Error
Syracuse (NY),425,Error,Error,Error,Error
TALLAHASSEE ,Error,450,Error,Error,Error
Tampa,Error,425,Error,Error,Error
Tampa (FL),Error,425,Error,Error,Error
Tampa North (FL),Error,425,Error,Error,Error
TAMPA SOUTH,Error,425,Error,Error,Error
TANNER,Error,475,Error,Error,Error
Taunton (MA),450,Error,Error,Error,Error
Templeton (MA),450,Error,Error,Error,Error
Tidewater (VA),450,Error,Error,Error,Error
TIFTON ,Error,375,Error,Error,Error
TRENTON ,285,Error,Error,Error,Error
TUCSON ,Error,Error,1025,475,Error
Tucson (AZ),Error,Error,1025,425,Error
TULSA ,Error,Error,575,Error,Error
Tulsa (OK),Error,Error,550,Error,Error
VALLEJO ,Error,Error,1275,500,Error
VAN NUYS ,Error,Error,1150,275,Error
VERMILION,550,Error,Error,Error,Error
WACO ,Error,Error,350,Error,Error
WALTON,650,650,Error,Error,Error
WASHINGTON DC,400,Error,Error,Error,Error
Wayland,850,Error,Error,Error,Error
WEST PALM BEACH,Error,475,Error,Error,Error
WEST PALM BEACH ,Error,450,Error,Error,Error
WEST WARREN ,450,Error,Error,Error,Error
Western Colorado (CO),Error,Error,1150,Error,Error
WHEELING,650,Error,Error,Error,Error
WICHITA,750,Error,700,Error,Error
Wichita (KS),750,Error,675,Error,Error
Wilmington (NC),Error,450,Error,Error,Error
Windham,550,Error,Error,Error,Error
YORK HAVEN,425,Error,Error,Error,Error
York Springs (PA),400,Error,Error,Error,Error
MULBERRY,Error,500,Error,Error,Error
WHITE PLAINS,450,Error,Error,Error,Error
Shepherdsville,775,650,Error,Error,Error
ROSEVILLE,800,Error,Error,Error,Error
RICE,775,Error,Error,Error,Error
PORTLAND,750,Error,Error,Error,Error
PEMBROKE PINES,Error,475,Error,Error,Error
PARAMOUNT,Error,Error,Error,265,Error
Donna,Error,Error,375,Error,Error